timestamp,size
36435.13,100
36435.142,1100
36435.17,1100
36435.172,3000
36435.28,3000
36435.33,100
36435.671,70000
36454.904,3000
36459.845,1500
36459.846,3000
36463.102,500
36465.82,2000
36468.39,100
36469.153,5000
36471.759,100
36479.524,3000
36486.384,2500
36495.904,900
36496.099,200
36504.267,1000
36506.142,5000
36507.846,100
36539.741,200
36540.452,3000
36544.434,3000
36554.349,3000
36554.645,200
36555.015,3900
36555.16,600
36555.28,700
36555.281,1000
36555.282,3700
36557.595,900
36558.769,1900
36561.082,700
36561.097,800
36561.317,2100
36561.794,3000
36562.269,500
36562.482,1000
36562.483,4500
36562.652,3000
36565.462,1000
36568.48,100
36571.093,900
36572.546,100
36572.813,3000
36575.334,1600
36577.149,800
36577.156,1200
36578.015,1100
36578.016,3000
36578.017,3600
36578.402,3300
36591.047,1100
36614.998,2000
36618.77,200
36624.85,200
36627.412,500
36627.978,200
36629.405,100
36636.525,400
36641.902,600
36643.574,100
36644.419,100
36646.949,100
36656.383,300
36660.01,100
36670.121,100
36676.297,100
36676.368,100
36678.8,1300
36685.968,100
36688.636,2000
36692.497,100
36698.216,100
36716.816,100
36721.056,100
36722.663,10000
36733.609,100
36739.496,100
36750.049,100
36752.46,200
36760.71,2900
36772.09,1000
36772.957,100
36780.355,100
36790.262,30000
36790.268,100
36801.081,500
36805.325,100
36811.491,1900
36812.532,100
36812.534,100
36817.784,32700
36822.381,200
36822.394,100
36823.889,100
36853.245,3000
36853.249,5000
36853.369,5000
36853.392,100
36853.4,2600
36861.964,1600
36866.409,100
36866.417,5000
36868.669,100
36872.53,2200
36876.695,100
36901.073,5000
36907.084,1400
36907.085,1400
36907.13,1300
36907.143,1400
36907.153,1300
36907.156,1000
36907.172,300
36907.243,200
36907.261,300
36907.266,200
36907.281,100
36907.282,1300
36908.068,100
36908.072,300
36908.083,200
36909.856,2200
36910.074,1300
36915.629,300
36917.643,1500
36921.785,2100
36925.294,2200
36932.77,300
36937.579,1000
36938.226,100
36940.197,100
36940.205,100
36940.211,100
36940.217,100
36940.223,100
36940.28,100
36940.403,1400
36942.344,2700
36942.728,100
36945.394,100
36945.399,100
36946.987,1400
36949.496,100
36954.389,1000
36956.955,100
36958.539,1300
36959.556,2300
36959.574,100
36961.902,100
36969.188,500
36982.436,6000
36990.8,1000
36995.227,500
36997.693,200
37000.52,100
37005.505,1000
37014.38,2000
37049.93,200
37060.644,1000
37061.768,100
37080.362,500
37084.346,2700
37084.971,100
37089.4,10000
37090.014,2000
37099.553,1400
37099.721,2200
37107.43,100
37114.315,1800
37118.413,100
37124.566,100
37127.584,100
37133.294,500
37154.654,500
37183.827,100
37185.757,400
37186.281,100
37201.136,1500
37204.443,500
37209.724,200
37209.981,5000
37253.399,200
37278.445,300
37294.13,100
37297.93,200
37307.444,900
37310.172,100
37311.625,600
37311.939,100
37312.064,1700
37312.086,1400
37312.113,400
37312.119,1300
37312.138,2200
37314.315,1400
37315.07,3000
37315.3,1100
37315.301,100
37315.337,100
37317.532,1400
37320.133,1400
37320.141,3000
37320.356,1000
37320.359,2700
37320.39,3000
37320.391,100
37320.405,1200
37320.447,1400
37320.535,1300
37320.627,1100
37321.921,1400
37322.234,3000
37322.238,100
37323.449,4200
37323.637,5400
37328.142,7300
37338.788,8000
37340.841,1100
37355.741,200
37359.803,100
37382.578,800
37392.605,37500
37396.018,200
37405.845,2000
37442.786,8500
37462.354,5900
37469.964,3300
37476.648,5200
37476.791,2700
37488.711,1000
37496.914,100
37501.226,4700
37503.111,700
37508.599,700
37522.107,500
37536.931,200
37536.935,100
37536.941,100
37536.943,100
37536.946,600
37536.969,100
37536.981,300
37536.988,3000
37573.099,300
37574.49,3000
37595.768,1000
37596.924,3000
37601.58,2000
37612.847,1000
37612.848,3000
37626.823,200
37632.988,200
37636.292,1400
37636.304,3000
37636.307,800
37636.323,500
37636.34,700
37640.679,100
37653.11,2000
37662.805,2200
37674.456,2000
37690.292,100
37703.847,300
37731.986,600
37738.138,400
37738.151,400
37738.165,1600
37752.88,1100
37771.457,1000
37773.79,300
37773.86,200
37773.867,100
37773.87,200
37773.876,200
37773.975,1300
37778.188,400
37784.032,100
37789.11,300
37808.305,300
37820.603,800
37820.605,300
37820.621,100
37820.625,1400
37820.626,200
37820.635,600
37820.644,400
37820.652,1000
37820.654,100
37820.666,100
37820.669,100
37820.707,1300
37843.051,2600
37867.304,200
37869.082,1400
37869.114,1300
37869.697,100
37872.454,100
37888.905,800
37888.953,3000
37888.958,1400
37900.34,4000
37917.606,2400
37918.581,500
37920.218,100
37920.471,300
37921.189,2000
37922.398,5000
37931.538,300
37931.558,400
37933.691,400
37936.302,600
37939.454,100
37944.891,300
37950.114,100
37950.702,800
37969.184,1400
37979.525,10000
37981.121,200
37983.793,400
38006.453,200
38010.879,100
38013.204,1500
38040.349,100
38071.196,100
38073.453,200
38077.982,100
38081.249,3000
38082.487,3000
38082.585,3000
38100.72,100
38105.78,3000
38106.501,1800
38108.376,2000
38108.514,100
38111.843,100
38115.626,1900
38117.843,200
38125.469,10000
38127.019,600
38130.39,200
38140.453,100
38163.674,35000
38165.007,200
38173.904,2000
38175.895,400
38184.236,14000
38186.883,5000
38190.8,100
38207.454,100
38208.694,400
38209.175,200
38220.325,100
38234.073,200
38242.254,200
38260.104,300
38260.404,2800
38261.548,100
38265.952,1500
38266.673,1000
38266.869,1500
38274.454,100
38278.389,600
38281.099,100
38295.005,2200
38295.051,100
38295.16,2300
38303.468,2400
38310.849,100
38310.852,100
38312.571,100
38312.637,100
38328.234,200
38338.786,6600
38338.791,2300
38338.812,3000
38338.822,300
38338.834,1300
38338.836,3000
38338.841,1300
38341.454,100
38347.785,2000
38368.97,3000
38368.977,1300
38368.995,1300
38369.002,2300
38369.036,1100
38369.05,1300
38369.061,1300
38369.33,3000
38371.895,100
38388.801,13600
38401.524,100
38408.453,200
38414.664,2000
38417.588,2100
38417.737,1700
38421.47,500
38423.174,100
38431.006,100
38434.417,6200
38441.219,700
38448.111,100
38458.582,100
38464.777,2400
38465.146,600
38475.453,100
38484.155,2900
38490.486,200
38498.398,3000
38499.912,5000
38514.388,1000
38526.977,1500
38531.743,3400
38532.146,1200
38542.454,200
38547.832,300
38548.546,2000
38551.187,100
38561.804,2200
38573.96,200
38580.68,100
38584.95,1000
38599.146,600
38601.68,1000
38604.479,600
38611.706,100
38622.947,5400
38623.361,5700
38641.231,100
38641.479,200
38652.014,1500
38652.089,900
38655.105,3000
38657.18,1000
38660.643,1200
38663.534,10000
38665.257,1700
38665.347,1400
38667.398,1800
38667.628,1000
38676.454,200
38680.481,200
38681.487,800
38681.5,1000
38683.629,1200
38686.434,1400
38700.28,100
38700.439,600
38701.634,100
38705.756,500
38705.812,700
38707.878,3000
38707.901,1100
38709.135,600
38714.159,500
38723.579,600
38723.654,1000
38725.746,2000
38731.306,100
38732.607,400
38743.197,1600
38743.454,200
38745.674,3000
38753.869,1100
38756.865,1500
38759.012,2000
38759.313,1900
38761.841,300
38778.557,1000
38790.363,100
38791.93,1900
38792.571,100
38794.074,1500
38805.793,200
38810.454,100
38821.39,100
38826.314,600
38827.992,3000
38833.258,50000
38833.261,3000
38833.402,2000
38833.415,1300
38838.189,10000
38847.45,1400
38847.452,2500
38847.79,1300
38848.421,1100
38862.214,1400
38862.223,1500
38874.233,2000
38877.453,100
38880.439,100
38888.308,1400
38895.966,2600
38900.179,2800
38900.199,200
38931.652,100
38940.989,100
38944.454,100
38950.333,2400
38970.522,100
38975.476,200
38990.934,100
39019.124,1000
39019.4,1500
39022.755,600
39024.331,300
39029.966,1100
39031.568,200
39035.215,1000
39037.365,2100
39041.109,1500
39049.834,1800
39055.855,1800
39056.64,1000
39059.012,700
39065.646,1000
39067.503,1300
39078.454,100
39078.575,100
39090.414,100
39095.607,3200
39096.966,800
39116.757,4900
39117.096,2300
39126.913,1300
39128.487,500
39145.454,100
39150.676,100
39163.966,800
39167.038,2900
39169.151,700
39169.152,2800
39169.203,100
39169.219,900
39169.227,100
39169.284,1300
39169.578,1400
39169.768,800
39170.059,300
39170.066,200
39170.073,100
39170.09,200
39173.049,400
39178.216,4800
39193.048,1100
39195.931,3000
39211.733,100
39212.453,200
39254.258,300
39260.124,100
39261.178,2800
39270.318,200
39290.903,100
39297.966,1100
39300.313,100
39303.616,2900
39315.911,500
39321.18,1000
39322.195,100
39338.812,500
39338.864,1500
39339.038,5000
39339.048,3000
39339.227,300
39340.91,2900
39340.951,1600
39343.784,1300
39343.956,1000
39346.454,200
39358.975,7900
39358.99,1000
39359.216,5000
39360.935,100
39361.118,1900
39364.966,800
39384.063,5000
39386.393,2000
39397.031,2900
39397.185,1300
39397.238,3000
39397.244,1300
39397.249,1300
39397.268,700
39397.27,200
39397.272,200
39397.28,200
39397.287,800
39397.299,400
39397.307,100
39399.677,9300
39400.122,3000
39400.281,1300
39400.34,1500
39402.961,800
39420.732,100
39421.508,100
39431.966,1100
39433.572,100
39435.052,15900
39435.067,2700
39435.215,1500
39437.198,1100
39441.354,1500
39443.368,2600
39463.67,100
39472.988,2000
39473.594,1000
39475.126,2100
39495.514,1400
39498.966,900
39499.27,1400
39501.261,2600
39501.401,200
39510.602,100
39512.115,1000
39513.69,1000
39515.272,2800
39515.273,100
39515.281,1100
39515.819,1800
39518.095,1000
39565.966,900
39570.967,6000
39571.213,1900
39576.547,100
39596.963,1000
39599.712,1100
39600.7,1500
39606.223,3000
39625.478,2000
39631.714,100
39632.743,900
39632.967,1600
39638.461,300
39642.521,100
39643.07,1300
39645.279,900
39657.052,2400
39667.89,100
39690.264,100
39699.965,900
39720.289,100
39749.471,1700
39749.472,800
39749.487,100
39749.492,500
39749.493,100
39749.596,1300
39750.657,2000
39766.966,1200
39780.349,200
39800.725,2300
39800.748,300
39800.782,1300
39800.846,1300
39801.938,2900
39802.844,1000
39804.213,1000
39816.668,1000
39833.966,900
39838.765,900
39839.76,500
39840.408,200
39851.666,1000
39869.023,4000
39870.929,100
39882.54,100
39900.708,1000
39900.965,1000
39920.905,500
39920.924,1300
39920.927,1100
39920.944,200
39921.618,1500
39924.744,100
39924.972,900
39931.17,2000
39931.987,100
39936.29,4000
39938.526,100
39940.291,5600
39959.888,300
39967.966,900
39969.758,2700
39969.871,2300
39973.133,300
39974.259,2300
39975.897,300
39990.538,100
39993.376,1000
39997.011,1400
40001.906,1400
40002.354,1000
40002.611,200
40014.198,1000
40015.37,1000
40015.519,1400
40020.583,100
40021.065,1000
40022.915,400
40023.09,1400
40023.808,200
40025.266,2000
40034.966,900
40046.122,100
40063.676,200
40070.637,100
40074.472,100
40075.915,1500
40081.152,100
40087.873,900
40101.966,1100
40103.503,5000
40106.39,100
40106.484,1400
40123.681,100
40126.301,100
40140.111,100
40140.251,1500
40157.373,300
40161.117,1000
40161.14,1300
40161.217,1300
40161.228,800
40168.966,800
40169.047,2300
40169.761,100
40169.831,100
40169.833,100
40169.837,200
40169.846,100
40169.849,400
40169.859,100
40169.864,200
40169.865,3000
40169.868,300
40169.88,200
40169.886,200
40169.888,2300
40169.893,600
40169.902,1500
40170.906,100
40171.137,200
40174.007,200
40201.828,100
40214.194,500
40215.439,100
40215.689,500
40219.624,3000
40219.789,100
40222.472,300
40226.398,1400
40226.407,3100
40226.412,100
40226.422,100
40226.431,200
40226.442,400
40226.452,1000
40226.469,700
40230.278,100
40231.331,100
40235.966,800
40246.86,200
40251.801,1400
40251.823,200
40251.829,100
40251.836,800
40251.847,100
40251.848,3000
40254.218,1000
40254.379,100
40255.965,3700
40257.805,1000
40258.45,200
40258.604,100
40262.386,200
40276.601,100
40280.237,1000
40280.516,100
40281.015,1000
40281.112,1000
40281.194,100
40281.202,100
40281.21,200
40291.126,100
40301.691,3000
40302.965,800
40321.064,1000
40321.325,1300
40339.553,500
40339.735,100
40344.638,1300
40347.886,2800
40348.692,100
40350.203,3000
40350.211,100
40352.947,100
40358.65,2700
40361.598,6000
40361.703,100
40362.182,300
40364.842,300
40369.966,800
40377.973,100
40379.599,1000
40380.435,100
40382.528,200
40384.701,82900
40395.293,800
40395.307,800
40401.589,400
40404.011,400
40404.89,200
40409.887,200
40415.959,200
40416.541,200
40424.063,1500
40436.966,800
40446.801,2300
40446.839,1500
40446.843,2700
40446.86,400
40446.861,200
40446.87,500
40448.724,10000
40470.511,100
40473.495,1400
40473.501,100
40473.506,100
40473.52,200
40473.524,200
40473.525,2500
40476.815,2600
40477.204,3000
40477.599,700
40480.189,200
40491.064,200
40494.265,100
40498.023,100
40500.191,100
40500.572,100
40502.785,1200
40503.965,800
40533.812,1800
40538.85,2300
40538.853,3000
40544.667,1200
40558.379,100
40560.623,100
40570.966,1200
40571.418,1800
40571.42,3000
40571.552,1100
40579.898,2700
40579.982,3700
40585.342,200
40585.608,8700
40585.627,2300
40585.63,2700
40587.044,1000
40592.137,2700
40592.633,100
40592.764,1800
40592.774,2600
40594.645,100
40599.275,400
40608.31,100
40611.987,100
40623.715,2700
40625.583,1800
40629.084,1900
40629.085,1300
40629.155,3000
40629.159,1300
40633.441,900
40635.566,2400
40637.794,4000
40637.966,800
40638.117,1800
40638.683,200
40638.692,200
40639.865,100
40641.01,800
40650.11,200
40651.22,100
40652.013,1000
40652.147,900
40652.997,100
40654.881,100
40657.739,200
40659.904,100
40664.427,2600
40664.448,100
40664.464,1300
40665.593,100
40673.279,3000
40673.345,1000
40674.145,200
40680.247,1300
40689.696,1000
40689.857,2700
40689.87,1800
40691.114,1000
40691.262,200
40694.458,100
40697.847,100
40702.906,1100
40702.914,1300
40703.1,500
40704.965,900
40712.35,1400
40712.372,1200
40712.391,600
40712.404,900
40712.696,1100
40722.831,1800
40722.893,2300
40722.894,200
40722.921,1000
40723.396,1000
40723.862,1000
40727.025,2300
40727.032,500
40727.045,400
40727.054,200
40727.06,100
40727.065,500
40727.08,800
40729.548,100
40741.315,100
40742.06,2700
40742.884,1800
40743.439,100
40743.447,2300
40750.864,1000
40751.272,100
40752.342,500
40760.774,1000
40761.689,1000
40761.705,600
40761.715,1000
40769.993,100
40771.965,800
40775.126,700
40776.764,100
40788.33,10000
40800.864,100
40812.381,100
40816.455,1000
40818.307,100
40824.948,1000
40829.021,2300
40832.355,100
40838.966,900
40864.227,2700
40870.115,1800
40870.118,3000
40870.127,1300
40873.942,2700
40874.068,2000
40875.212,1800
40882.04,500
40882.169,300
40884.51,200
40890.695,100
40895.497,300
40898.587,700
40899.927,1300
40899.973,900
40899.976,2700
40899.981,1300
40899.99,400
40900.0,1300
40900.049,2700
40904.909,20000
40905.966,900
40916.615,1300
40938.653,2200
40942.494,16000
40946.645,5000
40951.808,14000
40955.692,300
40958.764,3000
40958.778,1100
40958.817,1300
40958.82,200
40958.879,1300
40964.95,5000
40965.796,1000
40966.138,900
40971.998,1000
40972.786,300
40972.965,1100
40980.719,100
40982.345,300
40991.244,500
40996.878,100
41001.463,100
41002.653,1200
41003.483,100
41039.966,900
41056.111,200
41071.389,100
41080.052,100
41082.836,1000
41088.317,2700
41088.728,2200
41097.278,1000
41098.384,200
41100.979,100
41104.368,700
41106.966,900
41115.403,400
41123.68,100
41125.862,1600
41130.617,5000
41143.129,100
41159.999,100
41164.501,800
41173.965,800
41175.529,100
41176.002,200
41185.122,500
41191.618,100
41198.849,500
41198.863,1900
41203.188,1000
41203.807,3000
41204.727,1000
41218.907,100
41220.662,100
41233.673,100
41234.297,1000
41240.966,900
41243.739,200
41244.22,300
41251.396,8000
41279.404,10000
41303.584,100
41307.965,1200
41310.879,100
41323.848,100
41332.209,500
41350.929,100
41352.854,20000
41365.763,500
41371.903,600
41371.96,200
41374.966,800
41375.065,600
41375.066,100
41376.17,100
41379.968,800
41397.916,100
41400.323,4100
41400.915,100
41406.109,1400
41407.376,1400
41407.387,3000
41409.285,1300
41414.335,100
41419.384,3000
41419.418,900
41421.249,100
41422.74,2700
41422.75,1400
41422.877,1300
41422.888,900
41423.568,1300
41423.591,1000
41423.751,2900
41423.863,1000
41428.234,1000
41431.114,100
41438.889,400
41439.419,200
41441.966,800
41442.792,1400
41442.798,1800
41442.81,3000
41442.818,500
41442.85,600
41443.044,2200
41444.014,800
41458.792,100
41460.601,100
41462.195,400
41470.253,3000
41476.416,100
41476.469,500
41508.966,800
41521.835,100
41522.442,100
41525.357,7000
41540.789,4500
41541.552,200
41563.896,500
41575.967,700
41580.666,100
41603.534,500
41636.749,100
41638.626,3000
41639.397,1800
41639.744,800
41639.747,100
41641.524,200
41642.966,900
41648.34,1800
41648.92,1000
41653.653,200
41686.55,300
41692.124,400
41700.845,100
41709.966,600
41720.613,100
41729.495,1200
41730.619,100
41776.966,600
41778.011,100
41798.046,100
41798.822,100
41804.392,400
41804.901,100
41805.278,3000
41813.994,400
41815.001,100
41821.378,100
41822.737,4000
41824.235,400
41828.427,100
41843.966,600
41850.451,100
41857.516,900
41867.347,200
41868.378,100
41869.387,200
41870.932,100
41871.724,3000
41871.727,1400
41875.514,2700
41877.069,100
41877.548,300
41884.124,100
41887.211,3000
41888.115,3000
41888.643,100
41888.823,200
41889.156,400
41889.606,1800
41889.608,3000
41889.61,2700
41889.694,400
41891.214,1300
41891.219,3000
41891.271,1300
41898.436,200
41901.236,3000
41910.965,600
41920.453,900
41929.089,100
41941.223,100
41942.869,3000
41942.872,1400
41943.977,3000
41954.129,100
41956.343,1800
41956.349,1300
41956.437,100
41956.44,1300
41956.443,300
41956.448,700
41956.461,200
41956.472,500
41956.485,3000
41957.355,100
41957.367,500
41957.372,200
41961.137,2700
41962.473,3000
41975.795,2700
41975.798,1400
41976.843,800
41976.844,700
41976.846,1300
41976.848,900
41976.857,1200
41976.877,3000
41976.893,100
41976.896,1300
41976.903,4500
41976.914,200
41976.92,1100
41976.935,100
41976.941,200
41976.944,100
41976.947,800
41977.966,700
41978.0,1000
41990.856,2700
41992.549,100
42007.418,100
42030.4,100
42031.611,1400
42037.949,3600
42039.556,3000
42042.77,3700
42042.794,1800
42044.966,600
42048.331,1000
42050.906,100
42057.259,100
42070.172,1000
42070.192,800
42072.452,100
42072.493,400
42095.667,1400
42096.284,1000
42111.966,700
42118.367,100
42121.047,100
42130.362,800
42150.132,3000
42159.922,100
42178.966,600
42201.912,2000
42203.126,1800
42203.184,800
42210.172,100
42211.162,2400
42211.214,1300
42211.441,900
42211.456,100
42221.783,100
42221.784,100
42231.752,3000
42233.148,100
42243.967,100
42245.967,600
42254.31,3800
42262.914,1000
42268.935,1000
42269.335,1000
42270.915,100
42285.735,800
42307.769,100
42309.81,1300
42309.917,1000
42310.657,100
42312.966,600
42318.106,300
42335.368,300
42352.941,5000
42361.649,100
42370.172,8000
42397.34,100
42409.408,2000
42420.748,100
42446.309,1300
42446.31,1300
42446.501,600
42480.408,100
42518.883,3700
42543.336,1700
42544.598,1500
42546.268,100
42550.821,600
42570.678,100
42580.966,900
42585.751,5000
42593.652,100
42595.895,100
42600.252,100
42612.449,5000
42615.707,2000
42647.966,600
42650.788,1300
42651.727,100
42660.933,100
42688.214,800
42693.568,200
42695.53,900
42697.804,100
42700.377,100
42714.967,600
42720.542,100
42730.855,100
42744.871,1300
42744.872,1700
42744.903,200
42744.91,400
42744.917,300
42745.266,2000
42776.646,400
42781.967,600
42804.11,3000
42810.865,100
42836.352,600
42837.411,100
42840.5,100
42842.21,100
42848.967,1200
42859.983,600
42860.674,400
42861.5,100
42870.51,100
42888.024,500
42905.962,100
42905.968,100
42914.523,1300
42914.548,1300
42914.612,1300
42914.631,1400
42915.966,600
42917.791,100
42920.98,1000
42922.266,3000
42922.275,2700
42923.364,2300
42924.74,500
42925.766,900
42925.957,1200
42931.759,100
42936.987,9000
42946.974,100
42970.056,100
42972.85,100
42982.966,700
42990.865,100
42992.119,1500
43006.824,100
43020.781,100
43022.84,5000
43024.157,1400
43024.169,3000
43049.966,600
43050.439,100
43053.487,500
43053.498,100
43053.502,1000
43053.81,100
43070.821,15000
43074.662,100
43079.454,100
43080.482,200
43093.808,300
43098.047,100
43107.69,1000
43115.569,100
43116.966,600
43118.228,100
43119.1,600
43140.65,100
43162.565,1800
43162.869,400
43169.642,5900
43171.677,100
43177.928,3500
43183.966,800
43183.971,300
43230.995,1800
43231.261,100
43259.094,200
43290.828,100
43293.183,1000
43305.19,4000
43321.9,1300
43322.073,2300
43322.074,3000
43322.45,3000
43322.638,1100
43322.885,2600
43323.92,100
43325.006,1300
43325.711,600
43332.258,100
43333.417,100
43334.4,10000
43334.495,300
43337.196,100
43341.826,100
43345.37,1500
43346.684,10000
43348.305,1000
43353.803,19100
43374.337,600
43378.837,100
43384.966,600
43386.634,100
43396.065,700
43410.61,100
43413.849,500
43417.006,2000
43440.171,100
43451.966,800
43471.622,100
43483.85,6300
43483.999,100
43491.6,100
43498.455,200
43500.551,1000
43500.786,100
43512.276,100
43518.064,100
43518.967,600
43521.275,100
43522.6,100
43530.925,100
43531.337,1500
43536.101,100
43541.626,200
43548.173,100
43549.144,100
43554.711,200
43565.136,5000
43566.196,1900
43572.577,100
43585.966,600
43594.728,100
43596.465,100
43596.747,200
43600.382,5000
43600.383,5000
43608.743,100
43614.487,100
43617.322,100
43620.612,100
43652.966,600
43661.85,100
43664.513,3300
43677.767,1000
43682.746,400
43688.348,6000
43692.363,100
43703.832,3100
43703.844,3700
43703.846,3100
43703.847,1000
43703.851,100
43703.855,3000
43703.894,200
43704.054,2000
43704.055,3000
43705.913,200
43710.801,100
43714.214,100
43716.259,5000
43716.261,2300
43716.347,100
43716.387,2800
43716.392,1000
43719.152,1000
43719.164,2300
43719.967,500
43722.974,200
43724.824,1000
43734.624,100
43736.933,1000
43738.062,7800
43740.362,100
43751.964,100
43752.632,100
43756.5,200
43761.165,4000
43769.595,1000
43771.281,20000
43775.905,100
43785.569,300
43786.966,700
43787.582,100
43805.856,100
43806.585,300
43812.407,100
43813.978,100
43816.897,1000
43818.737,200
43823.691,1000
43824.894,300
43831.018,100
43833.579,100
43836.088,100
43837.832,100
43841.524,3000
43841.534,4000
43842.524,2300
43842.775,3000
43848.132,100
43853.967,600
43860.707,100
43868.38,800
43868.526,100
43872.168,100
43906.818,1000
43908.194,5000
43918.533,100
43920.967,600
43931.978,100
43934.247,1000
43946.113,5000
43956.039,100
43964.539,100
43968.181,100
43980.726,100
43987.965,600
43990.473,100
43992.012,100
44003.029,100
44016.249,100
44021.783,2300
44021.785,3000
44036.18,5000
44052.258,100
44054.967,600
44063.732,1000
44071.506,100
44076.149,100
44086.823,100
44112.242,100
44121.965,600
44130.608,100
44141.648,200
44145.889,200
44148.004,1000
44154.795,1300
44163.091,100
44172.303,100
44186.473,1000
44188.966,700
44196.027,100
44207.898,100
44214.256,200
44214.261,1800
44214.293,600
44214.324,1300
44224.029,300
44225.37,1000
44232.247,100
44235.991,5000
44244.454,5000
44255.965,600
44280.826,100
44291.934,1000
44291.941,100
44298.771,1200
44298.783,200
44298.784,400
44322.966,600
44341.424,100
44372.161,1300
44385.287,1800
44385.771,500
44389.967,600
44395.613,3000
44396.071,3000
44396.285,4000
44400.27,100
44400.99,1000
44401.01,100
44401.011,100
44401.012,300
44424.287,100
44442.152,3000
44456.966,600
44457.656,3000
44461.683,100
44467.904,1200
44472.654,100
44543.58,100
44550.36,100
44555.32,1000
44569.848,100
44611.932,100
44628.506,300
44628.507,200
44628.511,100
44628.526,100
44628.537,500
44628.576,200
44628.582,200
44628.588,100
44628.592,200
44628.599,1400
44628.711,3000
44631.461,1200
44651.044,200
44651.05,200
44651.053,200
44651.058,100
44651.059,1600
44651.064,1400
44651.577,1800
44652.264,100
44657.967,1200
44674.441,1800
44675.728,1700
44700.688,100
44702.839,700
44711.988,100
44712.652,500
44724.967,600
44730.526,100
44736.404,100
44760.331,100
44760.556,3000
44772.04,100
44779.482,500
44789.419,2000
44791.966,600
44795.897,100
44799.424,100
44808.102,100
44810.799,100
44820.978,500
44832.205,100
44849.329,2100
44854.064,100
44854.066,100
44854.073,200
44854.077,500
44854.089,400
44854.095,100
44854.1,200
44858.966,600
44882.333,100
44886.876,800
44886.889,200
44892.806,100
44921.673,1600
44925.966,600
44932.325,200
44932.329,1500
44932.371,1300
44935.568,3600
44952.822,100
44977.232,500
44992.966,600
45000.459,100
45034.432,1000
45038.848,100
45039.28,1600
45072.016,200
45076.838,4500
45091.156,100
45132.382,1300
45132.404,1300
45132.884,1500
45137.45,600
45150.278,100
45156.835,1000
45177.841,2000
45193.966,800
45214.781,100
45216.85,1000
45252.637,100
45260.967,700
45261.647,1000
45278.134,100
45292.877,100
45298.04,3000
45300.507,100
45312.297,100
45323.463,500
45323.952,100
45327.966,600
45361.407,100
45372.016,100
45400.321,1000
45450.319,100
45457.302,1000
45492.503,100
45503.501,300
45507.32,1700
45507.848,100
45515.742,2300
45516.221,100
45519.783,2300
45547.319,1000
45570.43,100
45579.487,100
45583.013,700
45603.048,800
45614.208,3000
45614.213,1300
45614.225,1300
45614.236,1300
45614.245,600
45614.246,2900
45614.247,2700
45614.252,500
45614.264,500
45614.272,200
45614.273,700
45614.294,100
45614.351,800
45616.521,1500
45631.683,100
45645.759,100
45662.967,800
45706.324,2000
45708.848,100
45727.156,2000
45729.965,700
45732.229,100
45734.613,2000
45781.892,100
45792.571,100
45796.966,600
45803.643,2000
45809.707,2000
45828.152,800
45840.026,200
45840.847,2000
45844.233,2000
45852.46,100
45863.966,600
45864.19,3000
45866.751,100
45871.01,100
45876.236,100
45886.33,500
45886.342,200
45886.349,200
45886.354,100
45886.356,500
45886.37,500
45886.38,200
45886.386,100
45886.501,2700
45888.796,900
45902.012,100
45912.103,100
45924.398,2900
45928.899,700
45930.966,600
45932.369,500
45936.752,100
45937.449,7200
45941.102,3000
45954.086,100
45958.004,1600
45966.052,2000
45991.387,100
46019.852,100
46020.491,1400
46020.494,400
46043.131,2000
46054.422,2800
46062.075,500
46066.231,100
46083.542,1000
46110.013,100
46141.086,100
46141.673,100
46169.603,2000
46177.848,100
46182.796,100
46195.93,2000
46199.499,200
46217.322,200
46261.448,100
46267.524,3000
46268.227,1300
46268.646,2400
46272.289,100
46272.374,200
46272.378,100
46272.379,300
46272.906,1300
46273.714,2400
46281.459,1000
46296.279,100
46307.414,1000
46319.833,3000
46330.899,300
46332.966,600
46337.505,3000
46343.989,5000
46361.93,100
46374.719,1000
46383.167,1000
46397.898,200
46399.966,600
46401.648,100
46417.789,2000
46440.892,100
46444.265,800
46444.382,300
46452.035,100
46461.731,2700
46461.738,900
46464.898,300
46466.315,100
46466.966,700
46469.789,100
46470.763,200
46472.147,200
46473.376,100
46489.656,100
46499.455,100
46508.708,100
46521.936,5000
46531.899,300
46533.966,600
46561.553,100
46561.556,100
46574.495,1000
46598.898,400
46600.966,900
46601.358,400
46646.848,100
46651.867,100
46663.667,1300
46665.899,400
46667.632,100
46667.966,800
46677.139,1000
46703.994,100
46710.898,100
46713.595,5000
46730.409,2000
46732.898,300
46734.966,600
46745.596,10000
46749.723,1700
46752.643,100
46758.397,600
46798.837,2000
46799.898,200
46801.966,600
46803.363,2400
46817.773,400
46823.678,1000
46838.841,100
46840.555,5000
46854.919,100
46855.998,200
46860.671,100
46866.899,300
46868.966,600
46895.563,200
46932.37,100
46933.898,200
46935.965,500
46937.44,100
46938.754,100
46948.344,1400
46951.439,100
46952.261,200
46956.664,4000
46963.659,1000
46973.032,200
46992.495,100
47000.898,300
47002.965,500
47010.31,10000
47016.694,100
47019.044,1000
47019.059,1000
47019.069,1000
47026.875,100
47028.362,100
47030.797,100
47031.506,2300
47031.805,200
47035.903,200
47049.153,1900
47053.336,100
47054.251,3000
47064.171,600
47070.892,1100
47070.901,1300
47070.907,2300
47071.208,1100
47071.245,200
47071.955,300
47072.656,500
47073.605,500
47073.635,2900
47074.687,200
47076.106,100
47079.248,5000
47079.464,500
47089.765,2300
47101.442,100
47110.031,10000
47112.183,100
47123.387,75000
47143.199,100
47165.374,400
47167.317,100
47167.337,500
47190.615,100
47217.504,500
47229.425,400
47231.915,50000
47232.072,10000
47259.815,1000
47260.009,400
47260.016,2300
47260.027,100
47260.032,200
47260.04,100
47260.044,200
47260.045,100
47260.051,400
47266.877,500
47276.246,1000
47295.745,100
47298.887,9000
47300.757,700
47301.407,1500
47307.043,300
47307.661,600
47316.849,100
47335.898,300
47337.966,700
47340.921,100
47376.585,300
47398.385,100
47402.897,200
47404.966,500
47412.256,100
47420.87,100
47436.354,100
47436.825,200
47437.981,100
47439.19,400
47448.773,100
47451.809,400
47451.85,1000
47469.898,200
47471.966,500
47472.009,100
47484.774,400
47506.329,400
47533.049,100
47535.997,100
47536.898,300
47538.966,600
47551.38,100
47572.832,100
47573.052,1300
47590.878,500
47593.917,100
47603.898,200
47605.965,400
47607.202,1000
47609.878,100
47614.327,100
47616.57,100
47636.393,1000
47646.247,1900
47652.12,100
47657.829,100
47661.459,400
47661.464,100
47664.117,600
47664.389,6000
47665.18,1000
47666.306,5000
47670.202,100
47670.898,200
47672.966,500
47681.161,100
47703.131,3600
47703.132,100
47703.287,600
47705.704,1000
47708.915,5000
47710.63,150000
47714.05,1900
47718.476,500
47737.898,300
47739.966,700
47741.175,300
47742.036,300
47750.037,100
47750.159,200
47751.401,200
47755.648,5300
47755.741,300
47755.751,200
47755.758,400
47760.714,100
47795.721,400
47804.607,100
47804.898,200
47806.965,700
47814.143,1800
47828.248,1000
47832.237,100
47851.445,2700
47851.45,300
47851.459,2600
47856.178,100
47863.045,6000
47868.55,2700
47868.582,100
47868.587,100
47868.591,100
47868.595,1100
47868.609,200
47868.619,200
47868.623,100
47868.626,700
47870.512,100
47871.898,300
47873.966,500
47880.637,1000
47906.106,200
47910.776,100
47927.85,200
47929.543,100
47959.446,11000
47962.954,100
47969.582,1100
47970.178,100
47973.421,100
48053.847,100
48056.42,1000
48067.397,3000
48067.424,1400
48068.047,100
48070.022,1400
48070.85,600
48072.899,500
48074.967,1300
48120.334,100
48132.335,100
48139.898,400
48151.836,100
48181.43,100
48190.83,1000
48192.121,1800
48199.249,100
48206.899,300
48208.966,900
48220.18,500
48227.39,1200
48241.086,100
48273.898,500
48275.966,800
48300.463,100
48304.272,1000
48310.081,1000
48334.801,200
48340.898,200
48342.966,600
48376.837,500
48391.211,100
48407.898,400
48409.966,800
48451.572,300
48455.848,100
48474.898,400
48476.966,800
48481.976,100
48483.225,1000
48486.756,100
48504.158,2000
48530.419,200
48540.868,100
48541.898,200
48543.967,500
48608.898,400
48610.966,800
48620.007,1000
48626.795,1000
48630.618,100
48633.748,200
48643.466,100
48643.876,100
48666.304,5000
48670.309,100
48675.898,200
48677.965,500
48679.198,1000
48679.279,1000
48704.163,2000
48720.556,3000
48742.071,400
48742.899,300
48744.965,500
48745.026,500
48753.356,500
48761.686,800
48774.035,500
48780.25,100
48793.176,100
48809.899,300
48811.966,500
48816.483,100
48828.548,100
48828.549,100
48862.319,600
48865.793,100
48875.636,700
48876.898,200
48878.966,500
48886.751,1000
48887.659,3000
48887.925,100
48913.582,100
48930.946,100
48943.898,300
48945.966,600
48972.001,100
48991.848,100
48996.161,100
49007.441,100
49008.112,100
49008.113,100
49010.898,300
49012.966,800
49016.379,19000
49044.544,100
49051.149,100
49059.851,1000
49075.467,10000
49077.898,300
49079.965,600
49098.109,500
49100.178,1300
49100.667,10000
49107.483,5000
49128.423,200
49141.034,100
49144.899,400
49146.966,900
49152.137,100
49173.234,100
49177.034,100
49191.564,400
49201.711,100
49202.558,4000
49205.655,200
49211.898,300
49212.479,100
49213.966,600
49226.927,1100
49239.305,100
49243.925,300
49252.655,100
49253.984,10000
49264.816,100
49272.132,100
49272.893,2900
49272.895,3000
49278.898,300
49280.965,700
49284.616,1000
49291.11,500
49291.571,100
49297.307,1000
49304.9,100
49316.753,1600
49337.047,200
49345.898,300
49347.966,500
49375.348,100
49375.362,4500
49380.617,100
49393.847,100
49400.092,1000
49412.897,200
49414.966,600
49417.095,600
49421.972,1000
49432.836,10000
49452.612,100
49466.368,100
49479.898,300
49481.965,700
49530.559,100
49546.898,400
49548.965,700
49572.264,100
49572.818,100
49596.019,100
49609.02,100
49609.025,100
49613.898,200
49615.966,500
49619.663,1000
49712.121,100
49766.288,300
49774.537,500
49827.114,2900
49837.202,3000
49847.513,2900
49847.937,1500
49848.08,20000
49849.193,500
49851.072,600
49867.552,2900
49872.352,100
49881.898,300
49883.965,700
49891.688,100
49896.809,100
49906.26,5700
49907.62,100
49923.201,1600
49929.847,100
49948.898,200
49950.965,500
49985.213,3000
50041.34,100
50053.335,100
50053.799,3000
50053.802,2900
50061.371,5000
50061.893,500
50077.955,2900
50082.898,500
50084.966,1000
50088.586,200
50101.49,1300
50112.158,100
50130.847,100
50149.898,300
50151.965,500
50151.993,1000
50162.096,100
50171.738,2000
50172.246,100
50184.93,100
50200.4,500
50207.373,100
50236.08,2600
50311.074,1200
50311.416,2900
50311.773,100
50322.32,2900
50322.347,1300
50325.652,300
50325.683,1300
50326.806,2900
50327.71,100
50327.714,200
50327.718,100
50327.731,200
50327.734,100
50327.736,300
50327.746,200
50327.751,100
50327.757,500
50327.764,100
50327.769,200
50327.776,500
50353.117,1600
50362.883,2700
50363.596,1700
50364.528,800
50369.561,600
50370.144,300
50375.243,1000
50375.416,3000
50375.419,300
50375.424,2900
50376.639,1000
50376.658,2400
50377.692,100
50412.276,100
50413.291,100
50417.897,300
50419.966,800
50431.984,2700
50432.414,100
50432.697,2300
50439.342,1300
50439.343,2900
50439.35,1300
50439.351,2500
50439.386,100
50439.426,800
50439.547,1400
50439.963,200
50474.298,100
50481.33,100
50483.112,10000
50484.897,300
50486.965,600
50497.063,1300
50497.975,400
50497.982,600
50497.992,500
50498.002,100
50498.026,200
50501.456,600
50551.342,100
50551.898,400
50553.965,800
50569.232,100
50592.65,100
50599.847,100
50602.73,1200
50607.479,1800
50616.403,100
50618.898,300
50620.965,600
50636.922,10000
50638.902,1600
50676.266,100
50685.898,300
50687.965,500
50692.563,5000
50707.174,100
50712.079,100
50716.859,2300
50731.047,100
50751.358,500
50752.898,200
50753.323,1000
50754.965,600
50756.748,400
50772.093,100
50784.123,100
50797.016,100
50807.932,100
50808.166,100
50819.903,300
50820.459,100
50821.795,400
50821.966,500
50828.496,100
50832.271,10000
50833.779,300
50845.352,3700
50847.135,2300
50851.874,100
50862.424,4000
50880.216,20000
50885.728,4500
50892.148,100
50916.4,3000
50916.401,2300
50916.406,100
50922.471,1300
50922.506,3000
50922.525,100
50922.549,100
50922.55,100
50927.948,100
50927.95,100
50928.618,1300
50928.631,2300
50930.179,1300
50930.201,2300
50930.211,2700
50930.232,1300
50930.269,600
50930.274,600
50930.283,600
50930.306,1300
50930.364,1300
50930.372,800
50931.089,800
50932.103,2700
50932.119,700
50932.125,500
50932.129,100
50932.131,200
50932.139,600
50932.154,100
50932.156,100
50933.022,2700
50933.084,300
50933.089,1300
50933.101,2500
50933.139,100
50951.958,100
50976.32,100
50985.961,100
50985.962,200
50985.965,100
50985.967,200
50985.97,300
50985.982,300
50988.179,100
50988.268,100
50989.119,500
50990.369,1100
50992.41,1600
50995.266,500
50995.354,1100
51000.609,100
51002.943,200
51012.149,100
51013.247,1000
51018.817,500
51020.898,300
51022.965,700
51026.154,200
51040.403,5000
51062.335,1600
51073.32,100
51074.916,100
51087.898,200
51089.966,500
51093.016,100
51096.024,100
51104.367,10000
51105.459,1300
51107.524,2700
51108.023,100
51108.027,100
51132.404,100
51144.071,100
51151.876,100
51153.238,100
51154.898,300
51156.965,500
51159.237,400
51187.763,100
51192.311,100
51221.898,200
51223.964,600
51229.659,1800
51229.661,3000
51234.879,100
51234.883,3000
51234.885,1200
51234.905,1300
51234.977,300
51235.845,400
51235.851,600
51237.43,600
51252.022,100
51261.034,700
51262.587,100
51266.2,100
51270.536,100
51277.237,100
51288.897,300
51290.966,500
51301.99,100
51351.643,9800
51355.898,300
51357.966,600
51361.391,100
51372.147,100
51398.674,400
51419.671,3000
51419.677,1300
51422.898,200
51424.964,500
51432.058,100
51439.415,2300
51450.189,100
51456.26,100
51465.759,1600
51469.219,5000
51469.225,200
51479.732,300
51481.743,10000
51489.901,300
51491.965,500
51536.291,3000
51537.848,100
51552.417,100
51555.85,100
51556.898,500
51558.967,1100
51562.301,1900
51563.578,100
51571.422,100
51581.874,200
51599.529,1400
51602.759,1000
51623.898,300
51625.358,100
51625.36,1000
51625.965,600
51628.036,600
51628.039,3000
51628.056,1100
51628.068,300
51628.077,100
51628.08,200
51628.088,300
51628.176,600
51628.241,2700
51629.05,1800
51630.009,2700
51634.899,1300
51645.139,8800
51652.592,7200
51659.93,800
51668.918,800
51672.347,100
51674.572,12100
51675.04,100
51679.176,3000
51679.177,4500
51689.968,5700
51690.277,2700
51690.522,200
51690.897,300
51692.965,500
51693.097,600
51696.054,100
51696.663,2700
51707.921,100
51708.307,100
51710.481,100
51712.282,4000
51722.404,200
51730.225,300
51737.301,200
51741.479,2300
51749.512,500
51749.525,800
51749.528,1300
51749.536,800
51749.894,15300
51757.898,200
51759.965,600
51780.242,100
51791.952,100
51804.362,100
51805.544,1100
51815.953,100
51824.898,300
51825.202,4500
51826.966,600
51827.993,100
51828.0,100
51829.286,14600
51832.334,600
51841.642,100
51858.694,3000
51891.898,400
51893.965,800
51901.018,100
51958.292,5000
51958.898,400
51960.966,800
51960.967,100
51962.57,300
52006.848,100
52021.8,100
52025.898,400
52026.871,2000
52027.965,900
52058.305,600
52059.516,10000
52076.483,100
52080.567,100
52093.634,10000
52094.735,100
52094.965,900
52095.614,100
52112.392,200
52116.426,100
52118.009,200
52122.115,5000
52129.234,100
52129.24,100
52132.658,6400
52141.425,5800
52142.112,100
52159.898,300
52161.965,600
52163.983,300
52172.063,100
52172.24,900
52190.188,1300
52193.475,1300
52193.907,100
52193.96,13800
52212.12,100
52226.898,400
52228.966,1000
52236.087,100
52236.565,200
52277.627,500
52284.76,900
52293.898,300
52295.104,100
52295.965,600
52304.968,100
52308.593,100
52320.162,200
52331.935,100
52341.848,100
52356.191,100
52359.308,3000
52359.312,1300
52360.898,300
52362.965,700
52381.602,100
52429.965,900
52440.925,100
52446.112,3000
52446.239,100
52446.243,100
52446.25,300
52446.253,1800
52446.258,100
52446.542,20000
52450.489,300
52451.97,3000
52451.996,100
52452.032,200
52453.631,900
52457.277,300
52476.367,100
52485.387,100
52488.259,100
52488.26,100
52494.898,300
52496.965,600
52511.25,8000
52512.257,100
52530.102,100
52536.023,100
52536.216,100
52548.037,100
52548.192,100
52549.69,4000
52561.757,200
52561.898,300
52563.965,700
52567.931,600
52572.35,100
52576.587,1600
52585.994,200
52594.824,300
52596.808,100
52598.098,100
52600.191,100
52602.937,14000
52604.631,400
52604.943,100
52608.128,100
52608.13,100
52628.898,300
52630.965,600
52631.95,100
52634.795,1400
52643.903,3000
52651.073,1600
52651.097,1000
52651.705,100
52651.715,100
52656.3,100
52669.991,100
52669.998,100
52673.313,100
52675.709,1300
52680.614,100
52692.272,100
52695.897,300
52697.965,600
52700.945,200
52710.21,100
52716.52,100
52725.412,600
52733.873,2300
52734.712,100
52734.716,100
52734.72,200
52734.725,100
52734.728,300
52734.734,500
52734.777,600
52734.807,300
52734.816,100
52736.252,20000
52738.215,300
52738.226,400
52743.847,100
52751.947,100
52754.957,100
52762.898,300
52764.965,800
52765.829,5000
52766.354,200
52771.957,100
52773.702,1800
52776.783,100
52812.264,100
52823.976,3000
52824.4,100
52829.897,300
52830.406,100
52831.058,600
52831.694,2200
52831.965,600
52841.144,1000
52861.342,1600
52869.942,1000
52890.739,100
52896.898,300
52898.965,600
52903.117,200
52905.219,100
52931.631,1100
52932.016,100
52932.621,2700
52944.848,100
52955.959,100
52963.898,300
52965.965,600
52966.366,3000
52966.368,1800
52966.384,800
52969.085,100
52969.086,100
52970.189,300
52971.186,600
52992.779,100
53009.977,100
53011.85,100
53016.231,100
53028.013,100
53028.021,100
53028.988,100
53030.898,300
53032.965,600
53044.27,100
53055.064,100
53093.704,200
53097.897,300
53099.966,600
53101.333,100
53103.281,200
53110.284,3000
53112.165,100
53117.535,3000
53118.747,3000
53123.267,100
53130.834,100
53131.403,100
53164.897,300
53166.965,600
53173.132,100
53184.068,100
53201.954,100
53207.894,100
53215.404,2300
53215.481,100
53215.484,1300
53220.146,100
53231.897,300
53232.301,100
53233.965,600
53235.085,100
53237.725,2300
53237.743,3000
53256.269,100
53261.584,100
53261.609,300
53262.161,100
53268.684,100
53268.688,200
53280.12,100
53281.438,100
53281.443,100
53281.448,300
53281.454,200
53281.46,800
53281.474,100
53281.479,400
53281.487,400
53292.249,100
53295.342,500
53298.897,300
53300.965,600
53303.711,100
53310.014,100
53311.794,100
53317.743,100
53341.837,1200
53341.857,1400
53346.847,100
53349.747,300
53349.757,600
53352.255,100
53365.897,200
53367.966,600
53409.463,100
53412.154,100
53415.136,200
53416.064,100
53416.065,100
53416.072,100
53416.075,100
53416.078,100
53416.079,100
53416.086,300
53426.285,100
53430.726,100
53432.897,300
53434.965,600
53449.947,100
53472.677,100
53491.633,300
53496.328,100
53499.898,300
53501.965,600
53502.12,3000
53504.622,1000
53504.624,1200
53505.037,100
53507.503,600
53508.005,100
53508.358,100
53513.677,100
53514.538,400
53516.788,1200
53532.047,100
53550.213,100
53585.228,1000
53595.207,1000
53599.909,100
53616.404,200
53629.807,100
53633.898,400
53634.879,1000
53635.965,900
53640.756,100
53646.192,5000
53647.842,3000
53652.047,100
53655.266,100
53664.578,1200
53665.966,600
53666.559,2300
53666.628,100
53676.375,100
53679.884,3000
53682.294,3000
53682.489,1000
53682.845,1000
53685.353,100
53685.959,1200
53689.051,100
53689.058,100
53689.375,3000
53694.927,100
53700.069,100
53700.898,300
53702.965,600
53713.216,100
53735.998,100
53737.358,2300
53739.066,1000
53756.219,400
53767.898,300
53769.965,600
53772.915,1500
53773.235,5000
53789.057,600
53790.498,100
53809.281,100
53810.405,2300
53814.17,300
53824.754,100
53831.364,1200
53832.369,100
53834.898,600
53836.965,1100
53850.794,100
53855.963,100
53876.469,1300
53876.477,2300
53880.354,100
53888.498,1600
53892.297,100
53894.949,100
53895.178,1000
53895.361,1000
53895.587,1000
53901.898,300
53903.965,600
53926.101,4000
53935.321,200
53936.441,3000
53936.464,800
53936.465,300
53936.469,100
53936.475,200
53937.189,500
53937.205,100
53937.208,100
53937.212,2300
53937.215,2700
53937.217,700
53937.223,100
53937.234,100
53937.236,300
53940.155,600
53940.836,200
53952.509,100
53956.351,600
53968.897,400
53970.965,900
53976.147,5000
53976.261,100
53985.083,100
53988.254,100
53988.263,100
53995.3,100
53998.864,100
54000.696,100
54012.123,100
54016.848,100
54024.324,100
54030.416,100
54030.749,100
54030.751,1200
54031.821,2300
54031.83,2700
54035.898,300
54036.09,100
54037.965,600
54060.244,100
54061.555,100
54065.913,5000
54082.812,1000
54102.898,300
54104.965,600
54105.471,100
54107.829,200
54128.371,100
54131.888,100
54134.479,100
54150.874,100
54156.474,100
54160.654,200
54168.162,200
54169.898,300
54171.965,600
54178.355,600
54179.534,200
54186.41,200
54192.02,100
54204.923,100
54210.321,100
54210.327,100
54215.914,100
54228.273,100
54228.274,100
54236.897,300
54238.965,600
54252.074,100
54255.66,100
54275.918,100
54285.33,100
54288.409,100
54300.576,100
54303.898,300
54305.966,600
54311.787,200
54311.99,100
54317.415,600
54330.058,100
54337.085,100
54338.622,300
54351.848,100
54353.551,1000
54356.492,1300
54360.89,100
54362.132,100
54367.719,1000
54370.898,300
54372.111,100
54372.583,2300
54372.965,600
54373.782,200
54376.046,600
54377.964,100
54384.287,1000
54385.665,100
54391.498,3000
54391.81,100
54391.812,1300
54391.819,600
54396.05,100
54403.729,600
54436.507,10000
54437.483,9000
54450.287,100
54504.898,400
54506.966,900
54508.381,500
54523.499,1200
54524.277,600
54541.823,100
54553.095,100
54555.223,100
54571.898,400
54573.965,900
54576.648,100
54583.329,1500
54587.733,1000
54588.238,100
54588.24,100
54589.049,1000
54601.665,100
54612.18,100
54612.458,200
54625.19,1000
54630.261,100
54632.691,200
54635.901,100
54638.897,300
54640.965,600
54645.549,2000
54649.295,100
54660.333,400
54662.16,100
54672.449,100
54693.878,100
54694.917,400
54705.898,300
54709.5,4500
54733.947,400
54750.931,100
54753.848,100
54780.337,100
54794.666,3400
54807.842,400
54810.792,100
54852.271,100
54863.396,900
54865.104,300
54865.661,2100
54871.331,700
54874.837,5000
54897.587,200
54901.562,100
54903.744,100
54906.898,500
54908.423,300
54908.965,900
54954.847,100
54969.462,100
54974.331,100
54982.658,300
54982.665,100
54982.667,500
54982.685,200
54982.697,1200
54982.972,900
54983.34,1300
54985.591,600
54990.996,100
55008.337,1000
55014.598,300
55017.949,5000
55031.946,100
55040.898,400
55042.964,1000
55055.021,400
55056.057,3000
55056.148,2900
55056.2,2700
55056.566,100
55067.903,100
55068.401,100
55087.03,100
55090.276,100
55107.898,300
55109.965,600
55110.215,100
55141.939,100
55151.915,100
55174.898,400
55176.965,900
55201.576,100
55207.459,100
55211.273,1100
55214.629,100
55215.008,600
55227.889,3500
55234.662,100
55241.898,300
55243.965,700
55261.485,300
55271.97,100
55282.417,400
55285.061,100
55304.962,100
55308.897,300
55310.965,600
55321.341,100
55331.472,1300
55332.14,100
55347.486,400
55356.074,100
55356.848,100
55359.392,200
55363.649,500
55370.625,500
55375.898,300
55377.965,600
55378.694,200
55380.2,100
55382.261,100
55382.444,200
55392.006,100
55392.014,100
55399.313,2900
55416.504,100
55431.501,1000
55442.898,300
55444.965,700
55448.803,200
55450.459,300
55452.346,100
55468.041,2900
55471.583,100
55473.622,100
55473.628,3000
55476.222,100
55485.101,100
55500.982,100
55509.42,300
55509.898,300
55510.226,300
55511.965,600
55512.336,100
55512.34,100
55522.015,500
55522.042,800
55522.056,100
55522.06,600
55524.551,2900
55526.87,2700
55526.877,1000
55530.625,3000
55547.282,600
55557.847,100
55560.818,100
55576.897,300
55578.966,800
55621.888,100
55642.711,1100
55643.897,400
55645.965,900
55650.839,100
55660.098,3000
55663.214,2700
55664.383,100
55672.321,100
55679.431,100
55687.354,100
55697.003,100
55702.222,100
55702.33,2900
55703.571,400
55709.325,100
55710.898,500
55711.221,100
55712.965,900
55724.185,100
55732.124,100
55739.046,100
55749.384,4200
55751.738,100
55753.004,200
55753.994,900
55755.704,100
55763.83,100
55770.736,100
55777.897,400
55778.878,100
55779.266,300
55779.965,900
55785.597,100
55793.535,100
55800.442,100
55800.444,300
55803.694,400
55808.584,100
55811.349,3000
55815.287,100
55817.502,100
55823.21,100
55830.291,100
55838.258,100
55844.897,400
55845.024,100
55846.965,900
55854.281,100
55860.088,100
55867.965,100
55874.917,100
55889.966,100
55891.829,100
55904.646,100
55905.958,100
55911.897,400
55912.674,100
55913.686,2900
55913.687,3000
55913.692,2700
55913.965,900
55919.718,100
55927.614,100
55932.352,1100
55934.533,100
55944.333,100
55949.424,100
55951.209,100
55956.261,100
55957.455,100
55959.847,100
55961.458,2700
55964.642,100
55968.245,100
55968.285,100
55968.293,100
55972.507,100
55974.049,1200
55978.898,300
55979.52,100
55980.965,600
55985.624,200
55987.537,100
55992.291,100
55994.318,100
55998.403,100
56001.394,100
56002.304,100
56009.257,100
56010.152,100
56010.529,100
56014.681,1200
56016.733,100
56017.383,100
56025.962,100
56034.088,100
56040.189,100
56041.01,100
56044.156,400
56045.897,300
56047.965,600
56048.995,100
56053.179,100
56055.318,100
56055.816,100
56063.84,100
56068.819,300
56070.763,100
56078.936,100
56093.577,100
56100.687,100
56100.883,8200
56108.61,100
56112.897,400
56115.335,100
56123.267,100
56123.803,100
56130.393,100
56131.374,100
56144.222,100
56152.145,100
56159.114,100
56167.037,100
56174.178,100
56189.07,100
56190.327,100
56197.196,100
56204.134,100
56212.26,100
56219.261,100
56227.183,100
56234.184,100
56242.021,100
56251.757,100
56257.014,100
56265.764,100
56280.844,100
56281.639,100
56288.721,100
56289.985,10000
56290.792,2400
56290.939,900
56294.848,100
56295.72,100
56296.77,800
56297.229,2000
56303.643,100
56306.583,100
56313.898,500
56315.966,900
56318.663,100
56325.645,100
56329.555,100
56333.567,100
56340.677,100
56340.954,100
56348.616,100
56355.445,100
56363.476,100
56370.383,100
56376.483,300
56378.509,100
56383.882,100
56384.297,10000
56385.213,100
56400.203,100
56400.344,100
56411.031,500
56411.097,2700
56411.449,600
56411.837,1300
56412.279,100
56415.122,100
56420.696,1000
56428.834,100
56430.154,100
56431.927,1000
56432.446,100
56438.076,100
56444.78,100
56447.897,300
56449.965,600
56452.906,100
56459.828,100
56467.782,100
56474.486,100
56482.627,100
56489.55,100
56491.539,100
56495.848,100
56504.426,100
56512.364,100
56514.897,400
56516.965,800
56519.274,100
56527.428,100
56535.976,100
56544.102,100
56551.055,100
56551.058,100
56559.033,100
56565.76,100
56573.885,100
56580.85,100
56581.898,400
56583.966,800
56586.867,4000
56588.777,100
56595.731,100
56603.7,100
56605.405,100
56610.279,100
56610.607,100
56610.818,100
56618.749,100
56624.198,2000
56625.515,100
56633.438,100
56635.346,100
56639.364,100
56640.489,100
56641.375,100
56642.595,1900
56648.406,100
56648.897,300
56650.966,800
56652.0,100
56655.268,100
56655.282,100
56670.316,100
56670.318,100
56676.276,100
56678.238,100
56684.942,100
56688.163,100
56688.416,100
56696.719,200
56699.949,100
56701.891,100
56712.352,100
56715.898,300
56716.318,100
56717.965,600
56724.414,100
56731.321,100
56732.537,100
56744.166,100
56752.307,100
56759.23,100
56762.774,500
56767.466,1900
56776.028,100
56782.897,300
56784.17,100
56784.965,900
56791.163,100
56799.976,100
56805.504,100
56805.765,100
56820.48,100
56820.736,100
56832.169,100
56834.955,100
56834.96,100
56842.858,100
56849.704,1200
56849.757,100
56849.897,300
56851.965,600
56856.399,100
56857.77,100
56864.348,100
56879.444,100
56880.374,100
56887.366,100
56892.41,100
56895.392,100
56895.914,100
56897.847,100
56904.208,100
56910.688,100
56915.359,100
56916.359,100
56916.898,300
56918.916,100
56918.965,700
56925.023,100
56925.714,100
56928.086,100
56929.541,100
56940.668,100
56941.016,100
56948.84,100
56952.453,100
56955.357,100
56958.155,100
56962.875,1300
56962.893,100
56962.91,100
56963.279,100
56965.97,5000
56970.457,100
56976.145,100
56978.39,100
56983.897,300
56984.008,200
56985.226,100
56988.232,100
56988.247,100
56988.914,300
56993.016,100
56998.44,100
57000.018,100
57008.096,100
57012.09,100
57014.612,100
57022.611,100
57029.644,100
57030.15,100
57030.658,100
57037.626,100
57038.864,100
57044.537,100
57050.898,400
57052.662,100
57052.965,900
57059.6,100
57069.939,1300
57082.196,100
57084.006,4000
57089.639,100
57097.26,100
57103.25,2900
57105.995,100
57113.945,100
57117.898,400
57119.965,1000
57121.009,100
57122.173,100
57126.063,100
57128.976,100
57135.482,100
57143.391,100
57158.353,100
57173.001,100
57179.939,100
57181.532,100
57184.898,500
57186.964,900
57191.745,100
57192.393,100
57194.378,100
57202.535,100
57204.37,100
57204.371,100
57210.508,100
57211.549,100
57214.811,100
57217.358,100
57221.051,100
57225.959,100
57233.881,100
57241.006,100
57248.929,100
57251.898,300
57251.951,100
57253.965,600
57254.956,100
57255.853,100
57263.79,100
57270.744,100
57270.983,100
57276.32,100
57277.563,1000
57277.57,1100
57278.82,100
57280.591,100
57285.607,100
57288.099,100
57288.301,100
57290.309,300
57293.558,100
57293.595,500
57299.708,300
57299.847,100
57300.465,100
57308.591,100
57310.768,1000
57311.45,200
57312.396,100
57315.295,100
57316.447,8000
57317.071,200
57318.898,300
57319.516,100
57320.965,600
57323.366,100
57330.346,100
57330.908,100
57336.55,100
57338.297,100
57338.345,2800
57342.08,200
57343.519,100
57344.22,100
57352.142,100
57354.037,700
57354.703,700
57355.124,200
57359.324,100
57360.363,100
57364.919,100
57367.253,100
57372.526,100
57375.711,100
57383.68,100
57383.715,400
57385.898,400
57387.965,900
57390.833,100
57393.689,1000
57395.184,100
57396.387,100
57399.911,600
57405.116,100
57413.101,100
57420.211,100
57428.134,100
57442.775,100
57449.885,100
57451.738,100
57452.898,300
57454.966,600
57464.746,100
57472.683,100
57474.835,100
57475.203,100
57479.81,100
57487.826,100
57494.715,100
57498.292,300
57500.743,3700
57501.861,100
57509.562,100
57517.485,100
57519.897,400
57521.966,900
57524.595,100
57526.783,100
57528.474,9100
57532.393,100
57538.869,3000
57539.503,100
57541.065,200
57547.488,100
57554.395,100
57562.13,100
57569.068,100
57577.209,100
57593.929,100
